"tier","score","vertical","domain","business","address","phone","email","rating","reviews","built_by","pitch_angle"
"A","100","interior-design","blitzglobe.com","Blitz Globe Interior Architect","Sathy Road, Ganapathy, Coimbatore 641006","+91 91596 95555","info@blitzglobe.com","4.6","87","Aabasoft Technologies","Your gallery is your product, and on a phone it runs off the side of the screen. That is where most of your enquiries are coming from."
"A","100","dental","smilecraftdental.in","SmileCraft Dental Studio","D.B. Road, R.S. Puram, Coimbatore 641002","+91 98430 77xxx","care@smilecraftdental.in","4.9","206","Aabasoft Technologies","You are the highest-rated dentist in Coimbatore and your before/after gallery does not fit on a phone screen."
"A","100","interior-design","srivarudhiniinteriors.com","Sri Varudhini Interiors","Peelamedu, Coimbatore 641004","+91 98422 54xxx","info@srivarudhini.com","4.7","64","Cbe Web Solutions","Your site currently shows a security warning before anyone reaches it. That is costing you every mobile enquiry today."
"A","100","clinics","kovaipolyclinic.com","Kovai Polyclinic","Trichy Road, Coimbatore 641018","+91 422 245 xxxx","kovaipolyclinic@gmail.com","4.2","143","Cbe Web Solutions","Your appointment form has been silently failing. I filled it in and nothing arrived — here is the network log."
"A","100","interior-design","kovaimodularkitchen.com","Kovai Modular Kitchen","Gandhipuram, Coimbatore 641012","+91 94430 22xxx","sales@kovaimodular.com","4.5","71","Cbe Web Solutions","Modular kitchens sell on photographs. Yours are 900px wide on a template from 2016 and they crop badly on every phone."
"A","63","interior-design","happyhomesinteriors.com","Happy Homes Interiors Works & Designing","Vadavalli, Coimbatore 641041","+91 99943 11447","happyhomesinteriorscbe@gmail.com","4.8","52","Webcastle Media","Your renders are the best of any interior firm in Coimbatore and they take six seconds to appear. Compress and restructure and you keep the visitors you are already paying to attract."
"A","73","interior-design","aksharainteriors.in","Akshara Interiors & Decor","Race Course, Coimbatore 641018","+91 99655 78xxx","contact@aksharainteriors.in","4.9","112","Webcastle Media","You are the highest-rated interior firm in Coimbatore and your site looks like everyone else's. That gap is the pitch."
"A","100","interior-design","ssinteriordesigners.in","S.S. Interior Designers","Thudiyalur, Coimbatore 641034","+91 94881 90xxx","ssinteriors.cbe@gmail.com","4.7","58","Cbe Web Solutions","Three of your competitors in Coimbatore run the identical template. Here they are side by side."
"B","44","interior-design","dreamspaceinteriorscbe.in","Dream Space Interiors","Saibaba Colony, Coimbatore 641011","+91 90478 11xxx","dreamspacecbe@gmail.com","4.4","38","Aabasoft Technologies","Everything works, nothing stands out. Sell differentiation, not repair — their competitors all run the same Elementor template."
"A","63","dental","32pearlsdentalcare.com","32 Pearls Dental Care","Saravanampatti, Coimbatore 641035","+91 95665 12xxx","hello@32pearls.com","4.5","88","Pixel Frame Studio","Differentiation pitch, not repair."
"A","68","interior-design","thehomestudio.co.in","The Home Studio","Kalapatti, Coimbatore 641048","+91 98945 33xxx","hello@thehomestudio.co.in","4.5","44","Pixel Frame Studio","Your hero video costs mobile visitors 2 MB before they see a single kitchen."
"B","48","clinics","sreedeviclinic.in","Sreedevi Clinic","Ramanathapuram, Coimbatore 641045","+91 422 258 xxxx","","4.6","67","","Nurture. No single urgent flaw."
"B","56","interior-design","elegantinteriors-cbe.com","Elegant Interiors","R.S. Puram, Coimbatore 641002","+91 97878 44xxx","","4.2","23","","No WhatsApp, no enquiry tracking. Start with lead capture, redesign as the follow-on."
"C","34","interior-design","vaasthuinteriors.com","Vaasthu Interiors & Architects","Singanallur, Coimbatore 641005","+91 90922 45xxx","info@vaasthuinteriors.com","4.4","29","","Low pain. Nurture only."
"C","43","interior-design","lakshmifalseceiling.co.in","Lakshmi False Ceiling Works","Ukkadam, Coimbatore 641001","+91 95001 66xxx","","4.3","17","","Pain is total, budget is not. Fixed-price single-pager only."
"C","43","interior-design","greenleafinteriors.net","Green Leaf Interiors","Sundarapuram, Coimbatore 641024","","greenleaf.cbe@yahoo.co.in","3.9","9","","Check if still operating before contacting."
"C","1","interior-design","bestinterior.co","Best Interior","Not published","","hello@bestinterior.co","4.1","6","","Weak. Free-tier builder, 6 reviews, no lead capture. Low ability to pay — revisit only if they start advertising."
"X","3","interior-design","urbannest-interior.com","Urban Nest Interior Studio","Avinashi Road, Coimbatore 641014","+91 93456 12xxx","","4.6","31","","No pain. Skip."
